{
    "segments": 3,
    "bending_angle_theta": [
        0.6283185307179586,
        0.6283185307179586,
        0.6283185307179586
    ],
    "turning_angle_phi": [
        1.0471975511965976,
        1.0471975511965976,
        1.0471975511965976
    ],
    "length_backbone": [
        0.07,
        0.07,
        0.07
    ],
    "radius_backbone": [
        0.002,
        0.002,
        0.002
    ],
    "discretization_points_backbone": 5,
    "length_coupling_element": [
        0.03,
        0.03,
        0.03,
        0.015
    ],
    "toggle_coupling_element": "line",
    "radius_coupling_element": [],
    "discretization_points_cylinder": 0,
    "toggle_tendons": true,
    "tendon_number": 3,
    "radius_tendon_routing": [
        0.03,
        0.03,
        0.03,
        0.03
    ]
}
